LogisticRegression__01;{'C': 10, 'class_weight': None, 'dual': False, 'fit_intercept': True, 'intercept_scaling': 1, 'max_iter': 100, 'multi_class': 'ovr', 'n_jobs': 1, 'penalty': 'l2', 'random_state': 206, 'solver': 'liblinear', 'tol': 0.0001, 'verbose': 0, 'warm_start': False};accuracy;0.978870673953;0.978142076503;0.983713355049;2.7418079376220703;Thu Feb 15 12:45:49 2018
LogisticRegression__02;{'C': 10, 'class_weight': None, 'dual': False, 'fit_intercept': True, 'intercept_scaling': 1, 'max_iter': 200, 'multi_class': 'ovr', 'n_jobs': 1, 'penalty': 'l2', 'random_state': 206, 'solver': 'liblinear', 'tol': 0.0001, 'verbose': 0, 'warm_start': False};accuracy;0.979614124499;0.976701856571;0.977049180328;2.7113564014434814;Thu Feb 15 12:45:51 2018
LogisticRegression__03;{'C': 10, 'class_weight': None, 'dual': False, 'fit_intercept': True, 'intercept_scaling': 1, 'max_iter': 200, 'multi_class': 'ovr', 'n_jobs': 1, 'penalty': 'l2', 'random_state': 206, 'solver': 'liblinear', 'tol': 0.0001, 'verbose': 0, 'warm_start': False};accuracy;0.980342191482;0.977793957044;0.970491803279;2.5537428855895996;Thu Feb 15 12:45:54 2018
LogisticRegression__04;{'C': 10, 'class_weight': None, 'dual': False, 'fit_intercept': True, 'intercept_scaling': 1, 'max_iter': 100, 'multi_class': 'ovr', 'n_jobs': 1, 'penalty': 'l2', 'random_state': 206, 'solver': 'liblinear', 'tol': 0.0001, 'verbose': 0, 'warm_start': False};accuracy;0.981434291955;0.979250091008;0.96393442623;2.658658027648926;Thu Feb 15 12:45:57 2018
LogisticRegression__05;{'C': 10, 'class_weight': None, 'dual': False, 'fit_intercept': True, 'intercept_scaling': 1, 'max_iter': 200, 'multi_class': 'ovr', 'n_jobs': 1, 'penalty': 'l2', 'random_state': 206, 'solver': 'liblinear', 'tol': 0.0001, 'verbose': 0, 'warm_start': False};accuracy;0.977065890062;0.976701856571;0.986885245902;2.5480923652648926;Thu Feb 15 12:45:59 2018
LogisticRegression__06;{'C': 10, 'class_weight': None, 'dual': False, 'fit_intercept': True, 'intercept_scaling': 1, 'max_iter': 100, 'multi_class': 'ovr', 'n_jobs': 1, 'penalty': 'l2', 'random_state': 206, 'solver': 'liblinear', 'tol': 0.0001, 'verbose': 0, 'warm_start': False};accuracy;0.979250091008;0.977793957044;0.977049180328;2.59012508392334;Thu Feb 15 12:46:02 2018
LogisticRegression__07;{'C': 10, 'class_weight': None, 'dual': False, 'fit_intercept': True, 'intercept_scaling': 1, 'max_iter': 100, 'multi_class': 'ovr', 'n_jobs': 1, 'penalty': 'l2', 'random_state': 206, 'solver': 'liblinear', 'tol': 0.0001, 'verbose': 0, 'warm_start': False};accuracy;0.979614124499;0.977793957044;0.970491803279;2.36716628074646;Thu Feb 15 12:46:04 2018
LogisticRegression__08;{'C': 10, 'class_weight': None, 'dual': False, 'fit_intercept': True, 'intercept_scaling': 1, 'max_iter': 100, 'multi_class': 'ovr', 'n_jobs': 1, 'penalty': 'l2', 'random_state': 206, 'solver': 'liblinear', 'tol': 0.0001, 'verbose': 0, 'warm_start': False};accuracy;0.977429923553;0.975245722606;0.986885245902;2.7324280738830566;Thu Feb 15 12:46:07 2018
LogisticRegression__09;{'C': 10, 'class_weight': None, 'dual': False, 'fit_intercept': True, 'intercept_scaling': 1, 'max_iter': 200, 'multi_class': 'ovr', 'n_jobs': 1, 'penalty': 'l2', 'random_state': 206, 'solver': 'liblinear', 'tol': 0.0001, 'verbose': 0, 'warm_start': False};accuracy;0.977793957044;0.97633782308;0.986885245902;2.8653526306152344;Thu Feb 15 12:46:10 2018
LogisticRegression__10;{'C': 10, 'class_weight': None, 'dual': False, 'fit_intercept': True, 'intercept_scaling': 1, 'max_iter': 100, 'multi_class': 'ovr', 'n_jobs': 1, 'penalty': 'l2', 'random_state': 206, 'solver': 'liblinear', 'tol': 0.0001, 'verbose': 0, 'warm_start': False};accuracy;0.979250091008;0.977429923553;0.970491803279;2.760075330734253;Thu Feb 15 12:46:13 2018
[0.979, 0.001];[0.977, 0.001];[0.977, 0.008];['0.60'];["{'C': 10, 'class_weight': None, 'dual': False, 'fit_intercept': True, 'intercept_scaling': 1, 'max_iter': 100, 'multi_class': 'ovr', 'n_jobs': 1, 'penalty': 'l2', 'random_state': 206, 'solver': 'liblinear', 'tol': 0.0001, 'verbose': 0, 'warm_start': False}"]
XGBoostClassifier__01;{'class_weight': None, 'criterion': 'entropy', 'max_depth': 9, 'max_features': 'log2', 'max_leaf_nodes': None, 'min_impurity_decrease': 0.0, 'min_impurity_split': None, 'min_samples_leaf': 1, 'min_samples_split': 2, 'min_weight_fraction_leaf': 0.0, 'presort': False, 'random_state': 206, 'splitter': 'best'};accuracy;0.997449908925;0.975227686703;0.964169381107;0.69199538230896;Thu Feb 15 12:51:59 2018
XGBoostClassifier__02;{'class_weight': None, 'criterion': 'entropy', 'max_depth': 11, 'max_features': 'log2', 'max_leaf_nodes': None, 'min_impurity_decrease': 0.0, 'min_impurity_split': None, 'min_samples_leaf': 1, 'min_samples_split': 2, 'min_weight_fraction_leaf': 0.0, 'presort': False, 'random_state': 206, 'splitter': 'best'};accuracy;0.999635966509;0.97306152166;0.973770491803;0.7018060684204102;Thu Feb 15 12:51:59 2018
XGBoostClassifier__03;{'class_weight': None, 'criterion': 'gini', 'max_depth': 5, 'max_features': 'log2', 'max_leaf_nodes': None, 'min_impurity_decrease': 0.0, 'min_impurity_split': None, 'min_samples_leaf': 1, 'min_samples_split': 2, 'min_weight_fraction_leaf': 0.0, 'presort': False, 'random_state': 206, 'splitter': 'best'};accuracy;0.984710593375;0.97306152166;0.970491803279;0.702967643737793;Thu Feb 15 12:52:00 2018
XGBoostClassifier__04;{'class_weight': None, 'criterion': 'gini', 'max_depth': 5, 'max_features': 'auto', 'max_leaf_nodes': None, 'min_impurity_decrease': 0.0, 'min_impurity_split': None, 'min_samples_leaf': 1, 'min_samples_split': 2, 'min_weight_fraction_leaf': 0.0, 'presort': False, 'random_state': 206, 'splitter': 'best'};accuracy;0.985802693848;0.973789588642;0.970491803279;0.8101987838745117;Thu Feb 15 12:52:01 2018
DecisionTreeClassifier__01;{'class_weight': None, 'criterion': 'entropy', 'max_depth': 9, 'max_features': 'log2', 'max_leaf_nodes': None, 'min_impurity_decrease': 0.0, 'min_impurity_split': None, 'min_samples_leaf': 1, 'min_samples_split': 2, 'min_weight_fraction_leaf': 0.0, 'presort': False, 'random_state': 206, 'splitter': 'best'};accuracy;0.997449908925;0.975227686703;0.964169381107;0.8032348155975342;Thu Feb 15 12:52:25 2018
DecisionTreeClassifier__02;{'class_weight': None, 'criterion': 'entropy', 'max_depth': 11, 'max_features': 'log2', 'max_leaf_nodes': None, 'min_impurity_decrease': 0.0, 'min_impurity_split': None, 'min_samples_leaf': 1, 'min_samples_split': 2, 'min_weight_fraction_leaf': 0.0, 'presort': False, 'random_state': 206, 'splitter': 'best'};accuracy;0.999635966509;0.97306152166;0.973770491803;0.7055823802947998;Thu Feb 15 12:52:25 2018
DecisionTreeClassifier__03;{'class_weight': None, 'criterion': 'gini', 'max_depth': 5, 'max_features': 'log2', 'max_leaf_nodes': None, 'min_impurity_decrease': 0.0, 'min_impurity_split': None, 'min_samples_leaf': 1, 'min_samples_split': 2, 'min_weight_fraction_leaf': 0.0, 'presort': False, 'random_state': 206, 'splitter': 'best'};accuracy;0.984710593375;0.97306152166;0.970491803279;0.7035958766937256;Thu Feb 15 12:52:26 2018
DecisionTreeClassifier__04;{'class_weight': None, 'criterion': 'gini', 'max_depth': 5, 'max_features': 'auto', 'max_leaf_nodes': None, 'min_impurity_decrease': 0.0, 'min_impurity_split': None, 'min_samples_leaf': 1, 'min_samples_split': 2, 'min_weight_fraction_leaf': 0.0, 'presort': False, 'random_state': 206, 'splitter': 'best'};accuracy;0.985802693848;0.973789588642;0.970491803279;0.6993439197540283;Thu Feb 15 12:52:27 2018
DecisionTreeClassifier__05;{'class_weight': None, 'criterion': 'gini', 'max_depth': 5, 'max_features': 'log2', 'max_leaf_nodes': None, 'min_impurity_decrease': 0.0, 'min_impurity_split': None, 'min_samples_leaf': 1, 'min_samples_split': 2, 'min_weight_fraction_leaf': 0.0, 'presort': False, 'random_state': 206, 'splitter': 'best'};accuracy;0.987258827812;0.974881689115;0.96393442623;0.6997570991516113;Thu Feb 15 12:52:27 2018
DecisionTreeClassifier__06;{'class_weight': None, 'criterion': 'gini', 'max_depth': 9, 'max_features': 'log2', 'max_leaf_nodes': None, 'min_impurity_decrease': 0.0, 'min_impurity_split': None, 'min_samples_leaf': 1, 'min_samples_split': 2, 'min_weight_fraction_leaf': 0.0, 'presort': False, 'random_state': 206, 'splitter': 'best'};accuracy;0.998907899527;0.973789588642;0.96393442623;0.7111053466796875;Thu Feb 15 12:52:28 2018
DecisionTreeClassifier__07;{'class_weight': None, 'criterion': 'gini', 'max_depth': 9, 'max_features': 'log2', 'max_leaf_nodes': None, 'min_impurity_decrease': 0.0, 'min_impurity_split': None, 'min_samples_leaf': 1, 'min_samples_split': 2, 'min_weight_fraction_leaf': 0.0, 'presort': False, 'random_state': 206, 'splitter': 'best'};accuracy;0.999271933018;0.972333454678;0.960655737705;0.6992800235748291;Thu Feb 15 12:52:29 2018
DecisionTreeClassifier__08;{'class_weight': None, 'criterion': 'entropy', 'max_depth': 21, 'max_features': 'log2', 'max_leaf_nodes': None, 'min_impurity_decrease': 0.0, 'min_impurity_split': None, 'min_samples_leaf': 1, 'min_samples_split': 2, 'min_weight_fraction_leaf': 0.0, 'presort': False, 'random_state': 206, 'splitter': 'best'};accuracy;1.0;0.973425555151;0.970491803279;0.7242021560668945;Thu Feb 15 12:52:30 2018
DecisionTreeClassifier__09;{'class_weight': None, 'criterion': 'entropy', 'max_depth': 9, 'max_features': 'log2', 'max_leaf_nodes': None, 'min_impurity_decrease': 0.0, 'min_impurity_split': None, 'min_samples_leaf': 1, 'min_samples_split': 2, 'min_weight_fraction_leaf': 0.0, 'presort': False, 'random_state': 206, 'splitter': 'best'};accuracy;0.995267564616;0.971969421187;0.960655737705;0.7138776779174805;Thu Feb 15 12:52:30 2018
DecisionTreeClassifier__10;{'class_weight': None, 'criterion': 'entropy', 'max_depth': 5, 'max_features': 'log2', 'max_leaf_nodes': None, 'min_impurity_decrease': 0.0, 'min_impurity_split': None, 'min_samples_leaf': 1, 'min_samples_split': 2, 'min_weight_fraction_leaf': 0.0, 'presort': False, 'random_state': 206, 'splitter': 'best'};accuracy;0.985438660357;0.970877320714;0.96393442623;0.6934983730316162;Thu Feb 15 12:52:31 2018
[0.993, 0.006];[0.973, 0.001];[0.966, 0.004];['0.20', '0.20', '0.20'];["{'class_weight': None, 'criterion': 'entropy', 'max_depth': 9, 'max_features': 'log2', 'max_leaf_nodes': None, 'min_impurity_decrease': 0.0, 'min_impurity_split': None, 'min_samples_leaf': 1, 'min_samples_split': 2, 'min_weight_fraction_leaf': 0.0, 'presort': False, 'random_state': 206, 'splitter': 'best'}", "{'class_weight': None, 'criterion': 'gini', 'max_depth': 5, 'max_features': 'log2', 'max_leaf_nodes': None, 'min_impurity_decrease': 0.0, 'min_impurity_split': None, 'min_samples_leaf': 1, 'min_samples_split': 2, 'min_weight_fraction_leaf': 0.0, 'presort': False, 'random_state': 206, 'splitter': 'best'}", "{'class_weight': None, 'criterion': 'gini', 'max_depth': 9, 'max_features': 'log2', 'max_leaf_nodes': None, 'min_impurity_decrease': 0.0, 'min_impurity_split': None, 'min_samples_leaf': 1, 'min_samples_split': 2, 'min_weight_fraction_leaf': 0.0, 'presort': False, 'random_state': 206, 'splitter': 'best'}"]
RandomForestClassifier__01;{'bootstrap': True, 'class_weight': None, 'criterion': 'gini', 'max_depth': None, 'max_features': 'sqrt', 'max_leaf_nodes': None, 'min_impurity_decrease': 0.0, 'min_impurity_split': None, 'min_samples_leaf': 1, 'min_samples_split': 2, 'min_weight_fraction_leaf': 0.0, 'n_estimators': 500, 'n_jobs': 1, 'oob_score': False, 'random_state': 206, 'verbose': 0, 'warm_start': False};accuracy;1.0;0.983970856102;0.967426710098;7.315269708633423;Thu Feb 15 12:53:04 2018
RandomForestClassifier__02;{'bootstrap': True, 'class_weight': None, 'criterion': 'gini', 'max_depth': None, 'max_features': 'sqrt', 'max_leaf_nodes': None, 'min_impurity_decrease': 0.0, 'min_impurity_split': None, 'min_samples_leaf': 1, 'min_samples_split': 2, 'min_weight_fraction_leaf': 0.0, 'n_estimators': 500, 'n_jobs': 1, 'oob_score': False, 'random_state': 206, 'verbose': 0, 'warm_start': False};accuracy;1.0;0.983618492901;0.983606557377;7.946873426437378;Thu Feb 15 12:53:12 2018
RandomForestClassifier__03;{'bootstrap': True, 'class_weight': None, 'criterion': 'gini', 'max_depth': None, 'max_features': 'log2', 'max_leaf_nodes': None, 'min_impurity_decrease': 0.0, 'min_impurity_split': None, 'min_samples_leaf': 1, 'min_samples_split': 2, 'min_weight_fraction_leaf': 0.0, 'n_estimators': 500, 'n_jobs': 1, 'oob_score': False, 'random_state': 206, 'verbose': 0, 'warm_start': False};accuracy;1.0;0.98325445941;0.980327868852;7.386984586715698;Thu Feb 15 12:53:20 2018
RandomForestClassifier__04;{'bootstrap': True, 'class_weight': None, 'criterion': 'gini', 'max_depth': None, 'max_features': 'sqrt', 'max_leaf_nodes': None, 'min_impurity_decrease': 0.0, 'min_impurity_split': None, 'min_samples_leaf': 1, 'min_samples_split': 2, 'min_weight_fraction_leaf': 0.0, 'n_estimators': 500, 'n_jobs': 1, 'oob_score': False, 'random_state': 206, 'verbose': 0, 'warm_start': False};accuracy;1.0;0.98325445941;0.973770491803;7.583868741989136;Thu Feb 15 12:53:27 2018
RandomForestClassifier__05;{'bootstrap': True, 'class_weight': None, 'criterion': 'gini', 'max_depth': None, 'max_features': 'sqrt', 'max_leaf_nodes': None, 'min_impurity_decrease': 0.0, 'min_impurity_split': None, 'min_samples_leaf': 1, 'min_samples_split': 2, 'min_weight_fraction_leaf': 0.0, 'n_estimators': 500, 'n_jobs': 1, 'oob_score': False, 'random_state': 206, 'verbose': 0, 'warm_start': False};accuracy;1.0;0.98325445941;0.983606557377;7.6689772605896;Thu Feb 15 12:53:35 2018
RandomForestClassifier__06;{'bootstrap': True, 'class_weight': None, 'criterion': 'gini', 'max_depth': None, 'max_features': 'log2', 'max_leaf_nodes': None, 'min_impurity_decrease': 0.0, 'min_impurity_split': None, 'min_samples_leaf': 1, 'min_samples_split': 2, 'min_weight_fraction_leaf': 0.0, 'n_estimators': 500, 'n_jobs': 1, 'oob_score': False, 'random_state': 206, 'verbose': 0, 'warm_start': False};accuracy;1.0;0.983618492901;0.977049180328;6.962022542953491;Thu Feb 15 12:53:42 2018
RandomForestClassifier__07;{'bootstrap': True, 'class_weight': None, 'criterion': 'gini', 'max_depth': None, 'max_features': 'sqrt', 'max_leaf_nodes': None, 'min_impurity_decrease': 0.0, 'min_impurity_split': None, 'min_samples_leaf': 1, 'min_samples_split': 2, 'min_weight_fraction_leaf': 0.0, 'n_estimators': 500, 'n_jobs': 1, 'oob_score': False, 'random_state': 206, 'verbose': 0, 'warm_start': False};accuracy;1.0;0.983618492901;0.983606557377;7.456440448760986;Thu Feb 15 12:53:49 2018
RandomForestClassifier__08;{'bootstrap': True, 'class_weight': None, 'criterion': 'gini', 'max_depth': None, 'max_features': 'sqrt', 'max_leaf_nodes': None, 'min_impurity_decrease': 0.0, 'min_impurity_split': None, 'min_samples_leaf': 1, 'min_samples_split': 2, 'min_weight_fraction_leaf': 0.0, 'n_estimators': 500, 'n_jobs': 1, 'oob_score': False, 'random_state': 206, 'verbose': 0, 'warm_start': False};accuracy;1.0;0.980706224973;0.996721311475;7.381285667419434;Thu Feb 15 12:53:57 2018
RandomForestClassifier__09;{'bootstrap': True, 'class_weight': None, 'criterion': 'gini', 'max_depth': None, 'max_features': 'sqrt', 'max_leaf_nodes': None, 'min_impurity_decrease': 0.0, 'min_impurity_split': None, 'min_samples_leaf': 1, 'min_samples_split': 2, 'min_weight_fraction_leaf': 0.0, 'n_estimators': 500, 'n_jobs': 1, 'oob_score': False, 'random_state': 206, 'verbose': 0, 'warm_start': False};accuracy;1.0;0.982526392428;0.993442622951;7.306657791137695;Thu Feb 15 12:54:04 2018
RandomForestClassifier__10;{'bootstrap': True, 'class_weight': None, 'criterion': 'gini', 'max_depth': None, 'max_features': 'sqrt', 'max_leaf_nodes': None, 'min_impurity_decrease': 0.0, 'min_impurity_split': None, 'min_samples_leaf': 1, 'min_samples_split': 2, 'min_weight_fraction_leaf': 0.0, 'n_estimators': 500, 'n_jobs': 1, 'oob_score': False, 'random_state': 206, 'verbose': 0, 'warm_start': False};accuracy;1.0;0.983982526392;0.977049180328;7.486821413040161;Thu Feb 15 12:54:11 2018
[1.000, 0.000];[0.983, 0.001];[0.982, 0.008];['0.80'];["{'bootstrap': True, 'class_weight': None, 'criterion': 'gini', 'max_depth': None, 'max_features': 'sqrt', 'max_leaf_nodes': None, 'min_impurity_decrease': 0.0, 'min_impurity_split': None, 'min_samples_leaf': 1, 'min_samples_split': 2, 'min_weight_fraction_leaf': 0.0, 'n_estimators': 500, 'n_jobs': 1, 'oob_score': False, 'random_state': 206, 'verbose': 0, 'warm_start': False}"]
MLPClassifier__01;{'activation': 'relu', 'alpha': 10, 'batch_size': 'auto', 'beta_1': 0.9, 'beta_2': 0.999, 'early_stopping': False, 'epsilon': 1e-08, 'hidden_layer_sizes': (50, 50), 'learning_rate': 'constant', 'learning_rate_init': 0.001, 'max_iter': 200, 'momentum': 0.9, 'nesterovs_momentum': True, 'power_t': 0.5, 'random_state': 206, 'shuffle': True, 'solver': 'adam', 'tol': 0.0001, 'validation_fraction': 0.1, 'verbose': False, 'warm_start': False};accuracy;0.96247723133;0.968306010929;0.951140065147;290.76169633865356;Thu Feb 15 13:03:22 2018
MLPClassifier__02;{'activation': 'relu', 'alpha': 1, 'batch_size': 'auto', 'beta_1': 0.9, 'beta_2': 0.999, 'early_stopping': False, 'epsilon': 1e-08, 'hidden_layer_sizes': (50, 50), 'learning_rate': 'constant', 'learning_rate_init': 0.001, 'max_iter': 200, 'momentum': 0.9, 'nesterovs_momentum': True, 'power_t': 0.5, 'random_state': 206, 'shuffle': True, 'solver': 'adam', 'tol': 0.0001, 'validation_fraction': 0.1, 'verbose': False, 'warm_start': False};accuracy;0.970149253731;0.966508918821;0.96393442623;300.9456977844238;Thu Feb 15 13:08:23 2018
MLPClassifier__03;{'activation': 'relu', 'alpha': 10, 'batch_size': 'auto', 'beta_1': 0.9, 'beta_2': 0.999, 'early_stopping': False, 'epsilon': 1e-08, 'hidden_layer_sizes': (100, 10), 'learning_rate': 'constant', 'learning_rate_init': 0.001, 'max_iter': 200, 'momentum': 0.9, 'nesterovs_momentum': True, 'power_t': 0.5, 'random_state': 206, 'shuffle': True, 'solver': 'adam', 'tol': 0.0001, 'validation_fraction': 0.1, 'verbose': False, 'warm_start': False};accuracy;0.968693119767;0.965780851838;0.954098360656;293.8048300743103;Thu Feb 15 13:13:17 2018
MLPClassifier__04;{'activation': 'relu', 'alpha': 10, 'batch_size': 'auto', 'beta_1': 0.9, 'beta_2': 0.999, 'early_stopping': False, 'epsilon': 1e-08, 'hidden_layer_sizes': (50, 50), 'learning_rate': 'constant', 'learning_rate_init': 0.001, 'max_iter': 200, 'momentum': 0.9, 'nesterovs_momentum': True, 'power_t': 0.5, 'random_state': 206, 'shuffle': True, 'solver': 'adam', 'tol': 0.0001, 'validation_fraction': 0.1, 'verbose': False, 'warm_start': False};accuracy;0.971969421187;0.967601019294;0.977049180328;290.57523012161255;Thu Feb 15 13:18:08 2018
MLPClassifier__05;{'activation': 'relu', 'alpha': 10, 'batch_size': 'auto', 'beta_1': 0.9, 'beta_2': 0.999, 'early_stopping': False, 'epsilon': 1e-08, 'hidden_layer_sizes': (50, 10), 'learning_rate': 'constant', 'learning_rate_init': 0.001, 'max_iter': 200, 'momentum': 0.9, 'nesterovs_momentum': True, 'power_t': 0.5, 'random_state': 206, 'shuffle': True, 'solver': 'adam', 'tol': 0.0001, 'validation_fraction': 0.1, 'verbose': False, 'warm_start': False};accuracy;0.959228248999;0.965052784856;0.947540983607;290.7282946109772;Thu Feb 15 13:22:59 2018
MLPClassifier__06;{'activation': 'relu', 'alpha': 10, 'batch_size': 'auto', 'beta_1': 0.9, 'beta_2': 0.999, 'early_stopping': False, 'epsilon': 1e-08, 'hidden_layer_sizes': (50, 10), 'learning_rate': 'constant', 'learning_rate_init': 0.001, 'max_iter': 200, 'momentum': 0.9, 'nesterovs_momentum': True, 'power_t': 0.5, 'random_state': 206, 'shuffle': True, 'solver': 'adam', 'tol': 0.0001, 'validation_fraction': 0.1, 'verbose': False, 'warm_start': False};accuracy;0.970877320714;0.964688751365;0.970491803279;291.3856551647186;Thu Feb 15 13:27:50 2018
MLPClassifier__07;{'activation': 'relu', 'alpha': 10, 'batch_size': 'auto', 'beta_1': 0.9, 'beta_2': 0.999, 'early_stopping': False, 'epsilon': 1e-08, 'hidden_layer_sizes': (50, 10), 'learning_rate': 'constant', 'learning_rate_init': 0.001, 'max_iter': 200, 'momentum': 0.9, 'nesterovs_momentum': True, 'power_t': 0.5, 'random_state': 206, 'shuffle': True, 'solver': 'adam', 'tol': 0.0001, 'validation_fraction': 0.1, 'verbose': False, 'warm_start': False};accuracy;0.968693119767;0.964688751365;0.967213114754;285.52389645576477;Thu Feb 15 13:32:35 2018
MLPClassifier__08;{'activation': 'relu', 'alpha': 0.01, 'batch_size': 'auto', 'beta_1': 0.9, 'beta_2': 0.999, 'early_stopping': False, 'epsilon': 1e-08, 'hidden_layer_sizes': (50, 50), 'learning_rate': 'constant', 'learning_rate_init': 0.001, 'max_iter': 200, 'momentum': 0.9, 'nesterovs_momentum': True, 'power_t': 0.5, 'random_state': 206, 'shuffle': True, 'solver': 'adam', 'tol': 0.0001, 'validation_fraction': 0.1, 'verbose': False, 'warm_start': False};accuracy;0.96286858391;0.963596650892;0.960655737705;273.15904235839844;Thu Feb 15 13:37:09 2018
MLPClassifier__09;{'activation': 'relu', 'alpha': 1, 'batch_size': 'auto', 'beta_1': 0.9, 'beta_2': 0.999, 'early_stopping': False, 'epsilon': 1e-08, 'hidden_layer_sizes': (50, 50), 'learning_rate': 'constant', 'learning_rate_init': 0.001, 'max_iter': 200, 'momentum': 0.9, 'nesterovs_momentum': True, 'power_t': 0.5, 'random_state': 206, 'shuffle': True, 'solver': 'adam', 'tol': 0.0001, 'validation_fraction': 0.1, 'verbose': False, 'warm_start': False};accuracy;0.963596650892;0.966508918821;0.950819672131;275.1248769760132;Thu Feb 15 13:41:44 2018
MLPClassifier__10;{'activation': 'relu', 'alpha': 1, 'batch_size': 'auto', 'beta_1': 0.9, 'beta_2': 0.999, 'early_stopping': False, 'epsilon': 1e-08, 'hidden_layer_sizes': (50, 50), 'learning_rate': 'constant', 'learning_rate_init': 0.001, 'max_iter': 200, 'momentum': 0.9, 'nesterovs_momentum': True, 'power_t': 0.5, 'random_state': 206, 'shuffle': True, 'solver': 'adam', 'tol': 0.0001, 'validation_fraction': 0.1, 'verbose': False, 'warm_start': False};accuracy;0.961776483436;0.965052784856;0.944262295082;270.90255784988403;Thu Feb 15 13:46:15 2018
[0.966, 0.004];[0.966, 0.001];[0.959, 0.010];['0.30', '0.30'];["{'activation': 'relu', 'alpha': 1, 'batch_size': 'auto', 'beta_1': 0.9, 'beta_2': 0.999, 'early_stopping': False, 'epsilon': 1e-08, 'hidden_layer_sizes': (50, 50), 'learning_rate': 'constant', 'learning_rate_init': 0.001, 'max_iter': 200, 'momentum': 0.9, 'nesterovs_momentum': True, 'power_t': 0.5, 'random_state': 206, 'shuffle': True, 'solver': 'adam', 'tol': 0.0001, 'validation_fraction': 0.1, 'verbose': False, 'warm_start': False}", "{'activation': 'relu', 'alpha': 10, 'batch_size': 'auto', 'beta_1': 0.9, 'beta_2': 0.999, 'early_stopping': False, 'epsilon': 1e-08, 'hidden_layer_sizes': (50, 10), 'learning_rate': 'constant', 'learning_rate_init': 0.001, 'max_iter': 200, 'momentum': 0.9, 'nesterovs_momentum': True, 'power_t': 0.5, 'random_state': 206, 'shuffle': True, 'solver': 'adam', 'tol': 0.0001, 'validation_fraction': 0.1, 'verbose': False, 'warm_start': False}"]
XGBoostClassifier__01;{'base_score': 0.5, 'booster': 'gbtree', 'colsample_bylevel': 1, 'colsample_bytree': 1, 'gamma': 0, 'learning_rate': 0.1, 'max_delta_step': 0, 'max_depth': 5, 'min_child_weight': 1, 'missing': None, 'n_estimators': 200, 'n_jobs': 1, 'nthread': None, 'objective': 'binary:logistic', 'random_state': 0, 'reg_alpha': 0, 'reg_lambda': 1, 'scale_pos_weight': 1, 'seed': 206, 'silent': True, 'subsample': 1};accuracy;1.0;0.986885245902;0.973941368078;16.898618698120117;Thu Feb 15 15:59:02 2018
XGBoostClassifier__02;{'base_score': 0.5, 'booster': 'gbtree', 'colsample_bylevel': 1, 'colsample_bytree': 1, 'gamma': 0, 'learning_rate': 0.1, 'max_delta_step': 0, 'max_depth': 5, 'min_child_weight': 1, 'missing': None, 'n_estimators': 300, 'n_jobs': 1, 'nthread': None, 'objective': 'binary:logistic', 'random_state': 0, 'reg_alpha': 0, 'reg_lambda': 1, 'scale_pos_weight': 1, 'seed': 206, 'silent': True, 'subsample': 1};accuracy;1.0;0.985438660357;0.986885245902;17.56142520904541;Thu Feb 15 15:59:20 2018
XGBoostClassifier__03;{'base_score': 0.5, 'booster': 'gbtree', 'colsample_bylevel': 1, 'colsample_bytree': 1, 'gamma': 0, 'learning_rate': 0.1, 'max_delta_step': 0, 'max_depth': 5, 'min_child_weight': 1, 'missing': None, 'n_estimators': 200, 'n_jobs': 1, 'nthread': None, 'objective': 'binary:logistic', 'random_state': 0, 'reg_alpha': 0, 'reg_lambda': 1, 'scale_pos_weight': 1, 'seed': 206, 'silent': True, 'subsample': 1};accuracy;1.0;0.986894794321;0.983606557377;17.533363342285156;Thu Feb 15 15:59:38 2018
XGBoostClassifier__04;{'base_score': 0.5, 'booster': 'gbtree', 'colsample_bylevel': 1, 'colsample_bytree': 1, 'gamma': 0, 'learning_rate': 0.1, 'max_delta_step': 0, 'max_depth': 5, 'min_child_weight': 1, 'missing': None, 'n_estimators': 300, 'n_jobs': 1, 'nthread': None, 'objective': 'binary:logistic', 'random_state': 0, 'reg_alpha': 0, 'reg_lambda': 1, 'scale_pos_weight': 1, 'seed': 206, 'silent': True, 'subsample': 1};accuracy;1.0;0.986166727339;0.977049180328;18.006173849105835;Thu Feb 15 15:59:56 2018
XGBoostClassifier__05;{'base_score': 0.5, 'booster': 'gbtree', 'colsample_bylevel': 1, 'colsample_bytree': 1, 'gamma': 0, 'learning_rate': 0.1, 'max_delta_step': 0, 'max_depth': 7, 'min_child_weight': 1, 'missing': None, 'n_estimators': 100, 'n_jobs': 1, 'nthread': None, 'objective': 'binary:logistic', 'random_state': 0, 'reg_alpha': 0, 'reg_lambda': 1, 'scale_pos_weight': 1, 'seed': 206, 'silent': True, 'subsample': 1};accuracy;1.0;0.98653076083;0.986885245902;16.17313313484192;Thu Feb 15 16:00:12 2018
XGBoostClassifier__06;{'base_score': 0.5, 'booster': 'gbtree', 'colsample_bylevel': 1, 'colsample_bytree': 1, 'gamma': 0, 'learning_rate': 0.1, 'max_delta_step': 0, 'max_depth': 5, 'min_child_weight': 1, 'missing': None, 'n_estimators': 300, 'n_jobs': 1, 'nthread': None, 'objective': 'binary:logistic', 'random_state': 0, 'reg_alpha': 0, 'reg_lambda': 1, 'scale_pos_weight': 1, 'seed': 206, 'silent': True, 'subsample': 1};accuracy;1.0;0.985438660357;0.990163934426;18.106348276138306;Thu Feb 15 16:00:30 2018
XGBoostClassifier__07;{'base_score': 0.5, 'booster': 'gbtree', 'colsample_bylevel': 1, 'colsample_bytree': 1, 'gamma': 0, 'learning_rate': 0.1, 'max_delta_step': 0, 'max_depth': 7, 'min_child_weight': 1, 'missing': None, 'n_estimators': 300, 'n_jobs': 1, 'nthread': None, 'objective': 'binary:logistic', 'random_state': 0, 'reg_alpha': 0, 'reg_lambda': 1, 'scale_pos_weight': 1, 'seed': 206, 'silent': True, 'subsample': 1};accuracy;1.0;0.986166727339;0.990163934426;18.147979974746704;Thu Feb 15 16:00:48 2018
XGBoostClassifier__08;{'base_score': 0.5, 'booster': 'gbtree', 'colsample_bylevel': 1, 'colsample_bytree': 1, 'gamma': 0, 'learning_rate': 0.1, 'max_delta_step': 0, 'max_depth': 7, 'min_child_weight': 1, 'missing': None, 'n_estimators': 300, 'n_jobs': 1, 'nthread': None, 'objective': 'binary:logistic', 'random_state': 0, 'reg_alpha': 0, 'reg_lambda': 1, 'scale_pos_weight': 1, 'seed': 206, 'silent': True, 'subsample': 1};accuracy;1.0;0.986166727339;0.990163934426;18.373000144958496;Thu Feb 15 16:01:06 2018
XGBoostClassifier__09;{'base_score': 0.5, 'booster': 'gbtree', 'colsample_bylevel': 1, 'colsample_bytree': 1, 'gamma': 0, 'learning_rate': 0.1, 'max_delta_step': 0, 'max_depth': 5, 'min_child_weight': 1, 'missing': None, 'n_estimators': 300, 'n_jobs': 1, 'nthread': None, 'objective': 'binary:logistic', 'random_state': 0, 'reg_alpha': 0, 'reg_lambda': 1, 'scale_pos_weight': 1, 'seed': 206, 'silent': True, 'subsample': 1};accuracy;1.0;0.986166727339;0.983606557377;18.123867988586426;Thu Feb 15 16:01:25 2018
XGBoostClassifier__10;{'base_score': 0.5, 'booster': 'gbtree', 'colsample_bylevel': 1, 'colsample_bytree': 1, 'gamma': 0, 'learning_rate': 0.1, 'max_delta_step': 0, 'max_depth': 5, 'min_child_weight': 1, 'missing': None, 'n_estimators': 300, 'n_jobs': 1, 'nthread': None, 'objective': 'binary:logistic', 'random_state': 0, 'reg_alpha': 0, 'reg_lambda': 1, 'scale_pos_weight': 1, 'seed': 206, 'silent': True, 'subsample': 1};accuracy;1.0;0.98653076083;0.983606557377;17.98792004585266;Thu Feb 15 16:01:43 2018
[1.000, 0.000];[0.986, 0.000];[0.985, 0.005];['0.50'];["{'base_score': 0.5, 'booster': 'gbtree', 'colsample_bylevel': 1, 'colsample_bytree': 1, 'gamma': 0, 'learning_rate': 0.1, 'max_delta_step': 0, 'max_depth': 5, 'min_child_weight': 1, 'missing': None, 'n_estimators': 300, 'n_jobs': 1, 'nthread': None, 'objective': 'binary:logistic', 'random_state': 0, 'reg_alpha': 0, 'reg_lambda': 1, 'scale_pos_weight': 1, 'seed': 206, 'silent': True, 'subsample': 1}"]
